Comment,Designator,Footprint,LCSC,Quantity
0.01uF,C25,C_0603_1608Metric,C57112,1
0.1uF,"C15,C16,C18,C19,C22,C23,C24,C3,C30",C_0603_1608Metric,C14663,9
0.1uF,"C10,C20",C_0402_1005Metric,C1525,2
10k,"R10,R14,R16,R7",R_0402_1005Metric,C25744,4
10k,"R1,R19,R2,R22,R4",R_0603_1608Metric,C25804,5
10uF,C5,C_0603_1608Metric,C19702,1
110k,R5,R_0603_1608Metric,C137807,1
18nF C0G,"C12,C6,C9",C_0402_1005Metric,C710669,3
1k,R27,R_0402_1005Metric,C11702,1
1k,R23,R_0603_1608Metric,C21190,1
1k1,R24,R_0402_1005Metric,C25860,1
1k1,R25,R_0603_1608Metric,C705736,1
1nF,C17,C_0402_1005Metric,C126493,1
2.2nf C0G,C21,C_0402_1005Metric,C2987940,1
2.2uF C0G (4.7uF X7R alternative),"C1,C4,C7",C_0603_1608Metric,C5360844,3
20k,"R12,R15,R6",R_0402_1005Metric,C25765,3
22,R31,R_0402_1005Metric,C25092,1
220k,R18,R_0603_1608Metric,C22961,1
220pF C0G,"C13,C14,C28,C29,C8",C_0402_1005Metric,C71693,5
22uF 10V,C11,C_0603_1608Metric,C86295,1
270,"R20,R21",R_0402_1005Metric,C163474,2
2k2,R26,R_0603_1608Metric,C4190,1
2u2,"C2,C26",C_0603_1608Metric,C23630,2
31k6,"R11,R13,R32,R33",R_0402_1005Metric,C11463,4
33,R17,R_0603_1608Metric,C23140,1
47,R30,R_0402_1005Metric,C137973,1
47k,R3,R_0603_1608Metric,C25819,1
4u7,C27,C_0603_1608Metric,C19666,1
50k,R8,R_0402_1005Metric,C166559,1
560,R9,R_0402_1005Metric,C163460,1
ASE-49.152MHz,Y1,Oscillator_SMD_Abracon_ASE-4Pin_3.2x2.5mm,C2901591,1
Conn_01x20_Pin,"J3,J4",PinSocket_1x20_P2.54mm_Vertical,C5156447,2
FerriteBead,FB1,L_0603_1608Metric,C19330,1
L,L1,L_1008_2520Metric_Pad1.43x2.20mm_HandSolder,C171753,1
SN74CB3T16211DGVR,"U3,U5",DGV56-L,C2674751,2
TSV854IQ4T,U2,QFN16_3X3_STM,C2058240,1
~,U4,U169SMALL,C1551099,1
~,U6,DRY6,C398923,1
~,U1,TDFN4_1P2X1P6_MCH,C622555,1
