Designator,Val,Package,Mid X,Mid Y,Rotation,Layer
C1,2.2uF C0G (4.7uF X7R alternative),C_0603_1608Metric,36.96,-21.68,90.0,top
C10,0.1uF,C_0402_1005Metric,23.74,-28.54,0.0,top
C11,22uF 10V,C_0603_1608Metric,18.35,-28.85,90.0,top
C12,18nF C0G,C_0402_1005Metric,21.72,-30.26,180.0,top
C13,220pF C0G,C_0402_1005Metric,21.67,-28.31,180.0,top
C14,220pF C0G,C_0402_1005Metric,29.59,-29.17,90.0,top
C15,0.1uF,C_0603_1608Metric,18.35,-34.975,90.0,top
C16,0.1uF,C_0603_1608Metric,18.38,-48.65,90.0,top
C17,1nF,C_0402_1005Metric,31.7,-53.711824,-90.0,top
C18,0.1uF,C_0603_1608Metric,27.87,-54.6,-90.0,top
C19,0.1uF,C_0603_1608Metric,18.38,-54.825,-90.0,top
C2,2u2,C_0603_1608Metric,32.85,-21.75,-90.0,top
C20,0.1uF,C_0402_1005Metric,31.49,-55.136824,180.0,top
C21,2.2nf C0G,C_0402_1005Metric,30.775,-56.066824,0.0,top
C22,0.1uF,C_0603_1608Metric,25.26,-56.45,180.0,top
C23,0.1uF,C_0603_1608Metric,18.33,-62.275,90.0,top
C24,0.1uF,C_0603_1608Metric,37.1,-69.025,-90.0,top
C25,0.01uF,C_0603_1608Metric,33.02776,-69.473704,90.0,top
C26,2u2,C_0603_1608Metric,22.27,-68.445,-90.0,top
C27,4u7,C_0603_1608Metric,23.975,-70.698704,180.0,top
C28,220pF C0G,C_0402_1005Metric,31.87,-30.6,0.0,top
C29,220pF C0G,C_0402_1005Metric,25.58,-31.12,0.0,top
C3,0.1uF,C_0603_1608Metric,29.625,-21.775,90.0,top
C30,0.1uF,C_0402_1005Metric,26.53,-39.44,180.0,top
C4,2.2uF C0G (4.7uF X7R alternative),C_0603_1608Metric,36.95,-24.64,-90.0,top
C5,10uF,C_0603_1608Metric,30.9,-24.875,-90.0,top
C6,18nF C0G,C_0402_1005Metric,21.67,-27.37,180.0,top
C7,2.2uF C0G (4.7uF X7R alternative),C_0603_1608Metric,36.929056,-27.595,-90.0,top
C8,220pF C0G,C_0402_1005Metric,30.15,-27.76,180.0,top
C9,18nF C0G,C_0402_1005Metric,32.5,-27.78,0.0,top
FB1,FerriteBead,L_0603_1608Metric,18.38,-51.8,-90.0,top
J3,Conn_01x20_Pin,PinSocket_1x20_P2.54mm_Vertical,35.01,-46.08,0.0,bottom
J4,Conn_01x20_Pin,PinSocket_1x20_P2.54mm_Vertical,19.77,-46.08,0.0,bottom
L1,L,L_1008_2520Metric_Pad1.43x2.20mm_HandSolder,26.825,-69.386204,-90.0,top
R1,10k,R_0603_1608Metric,18.4,-21.77,-90.0,top
R10,10k,R_0402_1005Metric,32.09,-26.83,0.0,top
R11,31k6,R_0402_1005Metric,31.66,-29.17,90.0,top
R12,20k,R_0402_1005Metric,32.7,-29.17,90.0,top
R13,31k6,R_0402_1005Metric,23.64,-30.25,0.0,top
R14,10k,R_0402_1005Metric,30.01,-30.65,180.0,top
R15,20k,R_0402_1005Metric,21.87,-31.22,180.0,top
R16,10k,R_0402_1005Metric,23.73,-31.32,180.0,top
R17,33,R_0603_1608Metric,18.35,-31.9,90.0,top
R18,220k,R_0603_1608Metric,33.55,-32.125,90.0,top
R19,10k,R_0603_1608Metric,18.38,-39.225,90.0,top
R2,10k,R_0603_1608Metric,18.36,-24.79,90.0,top
R20,270,R_0402_1005Metric,28.62,-39.44,180.0,top
R21,270,R_0402_1005Metric,31.0,-39.46,0.0,top
R22,10k,R_0603_1608Metric,18.38,-42.425,-90.0,top
R23,1k,R_0603_1608Metric,18.38,-45.525,90.0,top
R24,1k1,R_0402_1005Metric,30.7,-53.736824,90.0,top
R25,1k1,R_0603_1608Metric,24.31,-54.2,90.0,top
R26,2k2,R_0603_1608Metric,25.81,-54.2,-90.0,top
R27,1k,R_0402_1005Metric,29.54,-55.136824,0.0,top
R3,47k,R_0603_1608Metric,33.75,-24.75,-90.0,top
R30,47,R_0402_1005Metric,32.64,-53.72,-90.0,top
R31,22,R_0402_1005Metric,24.242719,-39.44,0.0,top
R32,31k6,R_0402_1005Metric,21.7,-29.29,180.0,top
R33,31k6,R_0402_1005Metric,30.57,-29.17,-90.0,top
R4,10k,R_0603_1608Metric,29.475,-24.875,90.0,top
R5,110k,R_0603_1608Metric,32.325,-24.875,-90.0,top
R6,20k,R_0402_1005Metric,21.69,-26.44,180.0,top
R7,10k,R_0402_1005Metric,23.61,-26.44,180.0,top
R8,50k,R_0402_1005Metric,30.14,-26.83,180.0,top
R9,560,R_0402_1005Metric,23.58,-27.38,180.0,top
U1,~,TDFN4_1P2X1P6_MCH,31.221,-21.913961,-90.0,top
U2,TSV854IQ4T,QFN16_3X3_STM,26.849999,-28.5522,0.0,top
U3,SN74CB3T16211DGVR,DGV56-L,27.0,-35.4194,90.0,top
U4,~,U169SMALL,27.2746,-46.297166,0.0,top
U5,SN74CB3T16211DGVR,DGV56-L,28.025,-61.075,-90.0,top
U6,~,DRY6,24.125,-68.668698,-90.0,top
Y1,ASE-49.152MHz,Oscillator_SMD_Abracon_ASE-4Pin_3.2x2.5mm,30.57776,-69.448704,90.0,top
